0,1,2,3,4,5,6,7,8,9,10,11,12
Assam Flood Report as on 01-06-2024,,,,,,,,,,,,
Particulars,Assam Flood Report as on 01-06-2024,,,,,,,,,,,
"Rivers
flowing
above Danger
Level (as per
CWC bulletin
issued at 8
AM)",Rivers flowing above danger level,,,,,"Kopili, Barak, Kushiyara",,,,,,
,Rivers flowing above highest flood level,,,,,Nil,,,,,,
"District
Affected",No. of,Name of Affected Districts,,,,,,,,,,
,Distircts,,,,,,,,,,,
,Affected,,,,,,,,,,,
,10,"Hailakandi, Hojai, Morigaon, Karimganj, Nagaon, Cachar, Dibrugarh, Golaghat, Karbi Anglong West, Dima-Hasao",,,,,,,,,,
"No. Of
Revenue
Circles
Affected",25,,,,,,,,,,,
"Name Of
Revenue
Circle
Affected",District,Total,Revenue Circle,,,,,,,,,
,Cachar,5,"Silchar, Lakhipur, Sonai, Udharbond, Katigorah",,,,,,,,,
,Dibrugarh,1,Chabua,,,,,,,,,
,"Dima-
Hasao",1,Haflong,,,,,,,,,
,Golaghat,1,Bokakhat,,,,,,,,,
,Hailakandi,4,"Lala, Katlicherra, Algapur, Hailakandi",,,,,,,,,
,Hojai,3,"Hojai, Lanka, Doboka",,,,,,,,,
,"Karbi
Anglong
West",1,Donkamokam,,,,,,,,,
,Karimganj,5,"Patherkandi, Nilambazar, Karimganj, RK Nagar, Badarpur",,,,,,,,,
,Morigaon,1,Morigaon,,,,,,,,,
,Nagaon,3,"Kampur, Nagaon, Raha",,,,,,,,,
,Total,25,,,,,,,,,,
"Villages
Affected",District,Total,Revenue Circle,,,,,,,,,
,Dhemaji,1,(Jonai | 1),,,,,,,,,
,Hailakandi,39,"(Lala | 5), (Katlicherra | 3), (Algapur | 5), (Hailakandi | 26)",,,,,,,,,
,Hojai,66,"(Hojai | 41), (Lanka | 6), (Doboka | 19)",,,,,,,,,
,Morigaon,8,(Morigaon | 8),,,,,,,,,
,Karimganj,147,"(Patherkandi | 18), (Nilambazar | 45), (Karimganj | 11), (RK Nagar | 66), (Badarpur | 7)",,,,,,,,,
,Nagaon,137,"(Kampur | 98), (Nagaon | 7), (Raha | 32)",,,,,,,,,
,Cachar,183,"(Silchar | 58), (Lakhipur | 3), (Sonai | 31), (Udharbond | 12), (Katigorah | 79)",,,,,,,,,
,Dibrugarh,1,(Chabua | 1),,,,,,,,,
,Golaghat,5,(Bokakhat | 5),,,,,,,,,
,"Karbi
Anglong
West",6,(Donkamokam | 6),,,,,,,,,
,"Dima-
Hasao",4,(Haflong | 4),,,,,,,,,
,Total,597,,,,,,,,,,
"Population
And Crop
Area Affected",District,Male,Female,Children,Total,Total Crop Area,Population and Crop Area Details,,,,,
,,,,,Population,,,,,,,
,Cachar,46517,49866,15882,112265,0,"(Silchar | Population Affected: 62246 | Crop Area: 0),
(Lakhipur | Population Affected: 743 | Crop Area: 0),
(Sonai | Population Affected: 14553 | Crop Area: 0),
(Udharbond | Population Affected: 2628 | Crop Area: 0),
(Katigorah | Population Affected: 32095 | Crop Area: 0)",,,,,
,Dhemaji,81,72,89,242,12,(Jonai | Population Affected: 242 | Crop Area: 12),,,,,
,Dibrugarh,1570,1237,1050,3857,75.5,(Chabua | Population Affected: 3857 | Crop Area: 75.5),,,,,
,"Dima-
Hasao",106,105,100,311,0,(Haflong | Population Affected: 311 | Crop Area: 0),,,,,
,Golaghat,0,0,0,0,54,(Bokakhat | Population Affected: 0 | Crop Area: 54),,,,,
,Hailakandi,11360,11476,1690,24526,14,"(Lala | Population Affected: 1000 | Crop Area: 0),
(Katlicherra | Population Affected: 307 | Crop Area: 0),",,,,,
,,,,,,,,"(Algapur | Population Affected: 1990 | Crop Area: 14),
(Hailakandi | Population Affected: 21229 | Crop Area: 0)",,,,
,Hojai,60921,49040,16852,126813,1231,,"(Hojai | Population Affected: 55135 | Crop Area: 929),
(Lanka | Population Affected: 3028 | Crop Area: 302),
(Doboka | Population Affected: 68650 | Crop Area: 0)",,,,
,"Karbi
Anglong
West",2907,2907,3042,8856,0,,(Donkamokam | Population Affected: 8856 | Crop Area: 0),,,,
,Karimganj,18443,14865,12119,45427,507,,"(Patherkandi | Population Affected: 6958 | Crop Area: 0),
(Nilambazar | Population Affected: 26047 | Crop Area: 0),
(Karimganj | Population Affected: 6343 | Crop Area: 0),
(RK Nagar | Population Affected: 0 | Crop Area: 507),
(Badarpur | Population Affected: 6079 | Crop Area: 0)",,,,
,Morigaon,0,0,0,0,26,,(Morigaon | Population Affected: 0 | Crop Area: 26),,,,
,Nagaon,100632,73302,105411,279345,2959,,"(Kampur | Population Affected: 267358 | Crop Area: 721),
(Nagaon | Population Affected: 4635 | Crop Area: 1215),
(Raha | Population Affected: 7352 | Crop Area: 1023)",,,,
,Total,242537,202870,156235,601642,4878.5,,,,,,
"Relief Camps
/ Centres
Opened",District,Total,Relief Camp,,,,Relief Distribution Centres,,,,,
,Cachar,107,"102 (Silchar | 55), (Lakhipur | 1), (Sonai | 25),
(Udharbond | 0), (Katigorah | 21)",,,,"5 (Silchar | 3), (Lakhipur | 2), (Sonai | 0), (Udharbond | 0), (Katigorah |
0)",,,,,
,Dhemaji,0,0 (Jonai | 0),,,,0 (Jonai | 0),,,,,
,Dibrugarh,1,0 (Chabua | 0),,,,1 (Chabua | 1),,,,,
,"Dima-
Hasao",4,4 (Haflong | 4),,,,0 (Haflong | 0),,,,,
,Golaghat,0,0 (Bokakhat | 0),,,,0 (Bokakhat | 0),,,,,
,Hailakandi,7,"7 (Lala | 2), (Katlicherra | 1), (Algapur | 3),
(Hailakandi | 1)",,,,"0 (Lala | 0), (Katlicherra | 0), (Algapur | 0), (Hailakandi | 0)",,,,,
,Hojai,57,"28 (Hojai | 20), (Lanka | 0), (Doboka | 8)",,,,"29 (Hojai | 18), (Lanka | 6), (Doboka | 5)",,,,,
,"Karbi
Anglong
West",1,0 (Donkamokam | 0),,,,1 (Donkamokam | 1),,,,,
,Karimganj,52,"22 (Patherkandi | 4), (Nilambazar | 1), (Karimganj |
7), (RK Nagar | 0), (Badarpur | 10)",,,,"30 (Patherkandi | 18), (Nilambazar | 8), (Karimganj | 3), (RK Nagar | 0),
(Badarpur | 1)",,,,,
,Morigaon,0,0 (Morigaon | 0),,,,0 (Morigaon | 0),,,,,
,Nagaon,54,"24 (Kampur | 20), (Nagaon | 2), (Raha | 2)",,,,"30 (Kampur | 30), (Nagaon | 0), (Raha | 0)",,,,,
,Total,283,187,,,,96,,,,,
"Inmates In
Relief Camps",District,Total,Revenue Circlewise,,,Male,Female,Children,Pregnant,Person with Disability,,
,,,,,,,,,/,,,
,,,,,,,,,Lactating,,,
,,,,,,,,,Mother,,,
,Cachar,19286,"(Silchar | 13540), (Lakhipur | 149),
(Sonai | 2257), (Udharbond | 0),
(Katigorah | 3340)",,,7507,7455,4293,29,2,,
,Dhemaji,0,(Jonai | 0),,,0,0,0,0,0,,
,Dibrugarh,0,(Chabua | 0),,,0,0,0,0,0,,
,"Dima-
Hasao",321,(Haflong | 321),,,106,105,100,9,1,,
,Golaghat,0,(Bokakhat | 0),,,0,0,0,0,0,,
,Hailakandi,1617,"(Lala | 216), (Katlicherra | 26),
(Algapur | 1167), (Hailakandi | 208)",,,681,678,255,3,0,,
,Hojai,11527,"(Hojai | 9410), (Lanka | 0), (Doboka |
2117)",,,6010,3707,1789,21,0,,
,"Karbi
Anglong
West",0,(Donkamokam | 0),,,0,0,0,0,0,,
,Karimganj,4077,"(Patherkandi | 93), (Nilambazar | 54),
(Karimganj | 2965), (RK Nagar | 0),
(Badarpur | 965)",,,1844,1467,756,3,7,,
,Morigaon,0,(Morigaon | 0),,,0,0,0,0,0,,
,Nagaon,4736,"(Kampur | 3111), (Nagaon | 1400),
(Raha | 225)",,,1792,1769,1059,110,6,,
,Total,41564,,,,17940,15181,8252,175,16,,
,District,Total,Revenue Circlewise,,,Male,Female,Children,Animals,,,
"Non Camp
Inmates in
Relief
Distribution
Centers",,,,,,,,,Big,Small,Poultry,
,Cachar,1027,"(Silchar | 255), (Lakhipur | 772), (Sonai
| 0), (Udharbond | 0), (Katigorah | 0)",,,344,313,370,0,0,0,
,Dhemaji,0,(Jonai | 0),,,0,0,0,0,0,0,
,Dibrugarh,3857,(Chabua | 3857),,,1570,1237,1050,0,0,0,
,"Dima-
Hasao",0,(Haflong | 0),,,0,0,0,0,0,0,
,Golaghat,0,(Bokakhat | 0),,,0,0,0,0,0,0,
,Hailakandi,0,"(Lala | 0), (Katlicherra | 0), (Algapur |
0), (Hailakandi | 0)",,,0,0,0,0,0,0,
,Hojai,48252,"(Hojai | 20750), (Lanka | 3028),
(Doboka | 24474)",,,23658,17466,7128,291,607,811,
,"Karbi
Anglong
West",0,(Donkamokam | 0),,,0,0,0,0,0,0,
,Karimganj,30536,"(Patherkandi | 6958), (Nilambazar |
16865), (Karimganj | 2613), (RK Nagar
| 0), (Badarpur | 4100)",,,10858,10665,9013,180,165,500,
,Morigaon,0,(Morigaon | 0),,,0,0,0,0,0,0,
,Nagaon,56189,"(Kampur | 56189), (Nagaon | 0), (Raha
| 0)",,,18483,15118,22588,0,0,0,
,Total,139861,,,,54913,44799,40149,471,772,1311,
"Human Lives
Lost -
Confirmed",District,Total,Male,Female,Children,,Others,Revenue Circlewise,,,,
,,,,,Male,Female,,,,,,
,Dhemaji,0,0,0,0,0,0,0 (Jonai | 0),,,,
,Hailakandi,1,1,0,0,0,0,"1 (Lala | 1), (Katlicherra | 0), (Algapur | 0), (Hailakandi | 0)",,,,
,Hojai,0,0,0,0,0,0,"0 (Hojai | 0), (Lanka | 0), (Doboka | 0)",,,,
,Morigaon,0,0,0,0,0,0,0 (Morigaon | 0),,,,
,Karimganj,1,1,0,0,0,0,"1 (Patherkandi | 0), (Nilambazar | 1), (Karimganj | 0), (RK
Nagar | 0), (Badarpur | 0)",,,,
,Nagaon,0,0,0,0,0,0,"0 (Kampur | 0), (Nagaon | 0), (Raha | 0)",,,,
,Cachar,1,0,0,1,0,0,"1 (Silchar | 0), (Lakhipur | 1), (Sonai | 0), (Udharbond | 0),
(Katigorah | 0)",,,,
,Dibrugarh,0,0,0,0,0,0,0 (Chabua | 0),,,,
,Golaghat,0,0,0,0,0,0,0 (Bokakhat | 0),,,,
,"Karbi
Anglong
West",0,0,0,0,0,0,0 (Donkamokam | 0),,,,
,"Dima-
Hasao",0,0,0,0,0,0,0 (Haflong | 0),,,,
,Total,3,2,0,1,0,0,,,,,
"Human Lives
Lost - Missing",District,Total,Male,Female,Children,,Others,Revenue Circlewise,,,,
,,,,,Male,Female,,,,,,
,Dhemaji,0,0,0,0,0,0,0 (Jonai | 0),,,,
,Hailakandi,0,0,0,0,0,0,"0 (Lala | 0), (Katlicherra | 0), (Algapur | 0), (Hailakandi | 0)",,,,
,Hojai,0,0,0,0,0,0,"0 (Hojai | 0), (Lanka | 0), (Doboka | 0)",,,,
,Morigaon,0,0,0,0,0,0,0 (Morigaon | 0),,,,
,Karimganj,0,0,0,0,0,0,"0 (Patherkandi | 0), (Nilambazar | 0), (Karimganj | 0), (RK
Nagar | 0), (Badarpur | 0)",,,,
,Nagaon,0,0,0,0,0,0,"0 (Kampur | 0), (Nagaon | 0), (Raha | 0)",,,,
,Cachar,0,0,0,0,0,0,"0 (Silchar | 0), (Lakhipur | 0), (Sonai | 0), (Udharbond | 0),
(Katigorah | 0)",,,,
,Dibrugarh,0,0,0,0,0,0,0 (Chabua | 0),,,,
,Golaghat,0,0,0,0,0,0,0 (Bokakhat | 0),,,,
,"Karbi
Anglong
West",0,0,0,0,0,0,0 (Donkamokam | 0),,,,
,"Dima-
Hasao",0,0,0,0,0,0,0 (Haflong | 0),,,,
,Total,0,0,0,0,0,0,,,,,
"Animals
Affected",District,Total,Big,Small,Poultry,,,,,,,
,Cachar,26429,20556,5873,0,,,,,,,
,Dhemaji,0,0,0,0,,,,,,,
,Dibrugarh,5931,4567,1364,0,,,,,,,
,"Dima-
Hasao",0,0,0,0,,,,,,,
,Golaghat,0,0,0,0,,,,,,,
,Hailakandi,22389,5087,1495,15807,,,,,,,
,Hojai,50045,12465,11624,25956,,,,,,,
,"Karbi
Anglong
West",14539,4612,4298,5629,,,,,,,
,Karimganj,54336,6475,5865,41996,,,,,,,
,Morigaon,0,0,0,0,,,,,,,
,Nagaon,29256,13890,6471,8895,,,,,,,
,Total,202925,67652,36990,98283,,,,,,,
"Animals
Washed
Away",District,Total,Big,Small,Poultry,,,,,,,
,Cachar,0,0,0,0,,,,,,,
,Dhemaji,0,0,0,0,,,,,,,
,Dibrugarh,0,0,0,0,,,,,,,
,"Dima-
Hasao",0,0,0,0,,,,,,,
,Golaghat,0,0,0,0,,,,,,,
,Hailakandi,0,0,0,0,,,,,,,
,Hojai,0,0,0,0,,,,,,,
,"Karbi
Anglong
West",0,0,0,0,,,,,,,
,Karimganj,0,0,0,0,,,,,,,
,Morigaon,0,0,0,0,,,,,,,
,Nagaon,0,0,0,0,,,,,,,
,Total,0,0,0,0,,,,,,,
"Houses
Damaged",District,Fully Kuccha,Fully Pukka,Fully Total,,Partially,Partially,Partially Total,,,,
,,,,,,Kuccha,Pukka,,,,,
,Dhemaji,0,0,0,,0,0,0,,,,
,Hailakandi,0,0,0,,4375,0,4375,,,,
,Hojai,0,0,0,,0,0,0,,,,
,Morigaon,0,0,0,,0,0,0,,,,
,Karimganj,0,0,0,,0,0,0,,,,
,Nagaon,0,0,0,,0,0,0,,,,
,Cachar,0,0,0,,0,0,0,,,,
,Dibrugarh,0,0,0,,0,0,0,,,,
,Golaghat,0,0,0,,0,0,0,,,,
,"Karbi
Anglong
West",0,0,0,,0,0,0,,,,
,"Dima-
Hasao",0,0,0,,0,0,0,,,,
,Total,0,0,0,,4375,0,4375,,,,
"Houses
Damaged
Others",District,Others Huts,,,Others Cattle Shed,,,Others Total,,,,
,Dhemaji,0,,,0,,,0,,,,
,Hailakandi,0,,,0,,,0,,,,
,Hojai,0,,,0,,,0,,,,
,Morigaon,0,,,0,,,0,,,,
,Karimganj,0,,,0,,,0,,,,
,Nagaon,0,,,0,,,0,,,,
,Cachar,0,,,0,,,0,,,,
,Dibrugarh,0,,,0,,,0,,,,
,Golaghat,0,,,0,,,0,,,,
,"Karbi
Anglong
West",0,,,0,,,0,,,,
,"Dima-
Hasao",0,,,0,,,0,,,,
,Total,0,,,0,,,0,,,,
"Rescue
Operation",District,Agency,,,Other Agencies Involved,,Medical,Boats,Person,Animal,Helicopters,Person
,,,,,,,Team,Deployed,Evacuated,Evacuated,Deployed,Evacuated By
,,,,,,,Deployed,,By Boats,By Boats,,Helicopters
,Cachar,"Circle Office/Local Administration,
Circle Office/Local Administration,
Fire & Emergency Services (F&ES),
SDRF, Circle Office/Local
Administration, Fire & Emergency
Services (F&ES)",,,,,39,2,9,0,0,0
,Dhemaji,,,,,,0,0,0,0,0,0
,Dibrugarh,,,,,,0,0,0,0,0,0
,"Dima-
Hasao",,,,,,0,0,0,0,0,0
,Golaghat,,,,,,0,0,0,0,0,0
,Hailakandi,,,,,,0,0,0,0,0,0
,Hojai,SDRF,,,Local Country Boat,,5,4,0,0,0,0
,"Karbi
Anglong
West",SDRF,,,,,4,4,10,0,0,0
,Karimganj,"Local People, SDRF",,,,,1,6,83,0,0,0
,Morigaon,,,,,,0,0,0,0,0,0
,Nagaon,Fire & Emergency Services (F&ES),,,0,,6,3,241,25,0,0
,Total,,,,,,55,19,343,25,0,0
"Relief
Distributed",District,Rice (in Q),Dal (in Q),Salt (in,M. Oil (in L),Cattle Feed -,Cattle Feed -,Cattle Feed - Rice Bran (in Q),,,,
,,,,Q),,Green,Wheat Bran,,,,,
,,,,,,Fooder (in Q),(in Q),,,,,
,Cachar,109.5,22,6.4,640,0,0,0,,,,
,Dhemaji,0,0,0,0,0,0,0,,,,
,Dibrugarh,63.13,11.57,3.47,186,0,0,0,,,,
,"Dima-
Hasao",0,0,0,0,0,0,0,,,,
,Golaghat,0,0,0,0,0,0,0,,,,
,Hailakandi,360.66,61.74,20.9,2088.65,0,7.5,0,,,,
,Hojai,692.36,124.19,37.24,3725.59,0,151,0,,,,
,"Karbi
Anglong
West",141.16,26.57,7.97,797,0,0,0,,,,
,Karimganj,498.99,94,27.24,2769.54,0,0,135,,,,
,Morigaon,0,0,0,0,0,0,0,,,,
,Nagaon,881.43,168.99,50.7,0,0,0,0,,,,
,Total,2747.23,509.06,153.92,10206.78,0,158.5,135,,,,
"Relief
Distributed -
Others",District,Baby Food Liquid,,Baby Food Solid,,Others,,,,,,
,Cachar,"500.00-Pkt, 0.00-L, 0.00-Kg",,"0.00-Kg, 0.00-Pkt",,Candle-900.00-Pcs,,,,,,
,Dhemaji,,,,,,,,,,,
,Dibrugarh,178.20-L,,445.50-Kg,,,,,,,,
,"Dima-
Hasao",,,,,,,,,,,
,Golaghat,,,,,,,,,,,
,Hailakandi,462.00-Pkt,,31.00-Pkt,,"Sanitary Napkins-160.00-Pck., Candle-674.00-Pcs, Mosquito Coil-65.00-Pck., Match
Box-534.00-Pcs, Disposable plate/glass-2335.00-Pcs, Soup-247.00-Pck.",,,,,,
,Hojai,"35.00-Pieces, 250.00-L, 0.00-
ml",,215.00-Pkt,,"Sanitary Napkins-628.00-Pck., Candle-13380.00-Pcs, Mosquito Coil-2150.00-Pck.,
Match Box-2150.00-Pcs, Tarpaulin-500.00-Pcs, Phenyl-125.00-Ltr.",,,,,,
,"Karbi
Anglong
West",0.00-L,,0.00-Kg,,Tarpaulin-100.00-Pcs,,,,,,
,Karimganj,"0.00-Kg, 0.00-L, 0.00-ml,
50.00-Pieces",,"0.00-Kg, 5.00-Pkt, 0.00-
ml, 9.00-Pieces",,"Sanitary Napkins-11.00-Pck., Mosquito Coil-5.00-Pck., Biscuits-9.00-Pck.",,,,,,
,Morigaon,,,,,,,,,,,
,Nagaon,"7.20-L, 600.00-ml",,"72.00-Pkt, 0.00-L",,"Cheera-9.60-Kg, Juggery/Gur-2.40-Kg, Sanitary Napkins-43.00-Pck., Mosquito Coil-
150.00-Pck., Candle-300.00-Pcs",,,,,,
,District,Number,Revenue,Road Name,,Department,Village,Location,,Longitude,Latitude,Remarks
,,,Circle,,,,,,,,,
"Infrastructure
Damaged -
Road",Cachar,8,(Silchar | 8),"L022 Kumarcherra
Bazar NEC Road to
Bhula Punji Via
Kalinagar PKG. No.AS-
03-164",PWD (Roads),Silchar Town,Kumarcherra Bazar,93.13,24.95,"Length 150 M,
EE PWRD
Silchar
Udharbond T
Division on
dated
29.05.2024",,
,,,,"1st Link Road New
Silchar",PWD (Roads),Silchar Town,"1st Link Road New
Silchar",92.79,24.8,"Length 200 M,
EE PWRD
Silchar
Udharbond T
Division on
dated
29.05.2024",,
,,,,Kashipur Berenga Road,PWD (Roads),Kasipur,Kashipur Berenga,92.85,24.81,"Length about
200 M, As
reported by EE
PWRD Silchar
Udharbond T
Road Division
on dated
30.05.2024",,
,,,,"Badbasabari to Elgin
Ghat",PWD (Roads),Silchar Town,"Badshabari to Elgin
Gaht",92.8,24.83,"Length 200 M,
EE PWRD
Silchar
Udharbond T
Division on
dated
29.05.2024",,
,,,,"Silchar Medical
Meherpur Road",PWD (Roads),Silchar Town,Meherpur,92.79,24.79,"Length 100 M,
EE PWRD
Silchar
Udharbond T
Division on
dated
29.05.2024",,
,,,,"Kathal Road to
Atalbasti Road",PWD (Roads),Silchar Town,"Kathal Road to
Atalbasti",92.8,24.83,"Length 300 M,
EE PWRD
Silchar
Udharbond T
Division on
dated
29.05.2024",,
,,,,"C.R Avenue Point to
National Highway",PWD (Roads),Silchar Town,"C.R Avenue to
National Highway",92.79,24.81,"Length 150 M,
EE PWRD
Silchar
Udharbond T
Division on
dated
29.05.2024",,
,,,,Tarapur Shibbari Road,PWD (Roads),"Tarapur Part
– VII",Tarapur Shibbari,92.78,24.84,"Length 300 M,
EE PWRD
Silchar
Udharbond T
Division on
dated
29.05.2024",,
,,,(Lakhipur | 0),Nil,Nil,Nil,Nil,Nil,Nil,Nil,,
,,,(Sonai | 0),Nil,Nil,Nil,Nil,Nil,Nil,Nil,,
,,,"(Udharbond |
0)",Nil,Nil,Nil,Nil,Nil,Nil,Nil,,
,,,(Katigorah | 0),Nil,Nil,Nil,Nil,Nil,Nil,Nil,,
,Dhemaji,0,(Jonai | 0),Nil,Nil,Nil,Nil,Nil,Nil,Nil,,
,Dibrugarh,0,(Chabua | 0),Nil,Nil,Nil,Nil,Nil,Nil,Nil,,
,"Dima-
Hasao",0,(Haflong | 0),Nil,Nil,Nil,Nil,Nil,Nil,Nil,,
,Golaghat,0,(Bokakhat | 0),Nil,Nil,Nil,Nil,Nil,Nil,Nil,,
,Hailakandi,6,(Lala | 6),"Road from T2
Gaglacherra TE to block
boundary (AS-09-056)",PWD (Roads),"Gaglacherra
Grant",CH 550.00 m,92.62,24.6,"Breach
occurred for a
length of 20 m",,
,,,,"T06- A road from T5
Abdullahpur to Block
boundary Tantoo (AS-
09-053)",PWD (Roads),"Abdullapur
Part-I","CH-0.0 m to CH
2800.00 m",92.55,24.53,"Depth of sub-
merged 50 cm",,
,,,,"balicherra bazar to
chunilal BOP",PWD (Roads),"Gaglacherra
Grant","2nd, 3rd and 4th
kms",92.72,24.49,"approach of
box culvert at
ch. 1250.00 m
badly
damaged,
landslide
occurred at
multiple
location",,
,,,,"Gudanghat to PWD
road to Borbond Pt 2",PWD (Roads),"Borbond Part-
II","CH 0.00 m to CH
2000.00 m",92.53,24.63,"Depth of
submerged- 20
cm to 50 cm",,
,,,,"Dudpur to Paikan
Borbond road",PWD (Roads),"Borbond Part-
I","Ch 0.00 m to CH
600.00 m",92.57,24.65,"Depth of
submerged- 30
m",,
,,,,"Bilaipur to Darasingha
BOP road",PWD (Roads),"Gaglacherra
Grant",2nd and 3rd km,92.74,24.52,"landslide
occurred at
multiple
location",,
,,,"(Katlicherra |
0)",Nil,Nil,Nil,Nil,Nil,Nil,Nil,,
,,,(Algapur | 0),Nil,Nil,Nil,Nil,Nil,Nil,Nil,,
,,,"(Hailakandi |
0)",Nil,Nil,Nil,Nil,Nil,Nil,Nil,,
,Hojai,0,(Hojai | 0),Nil,Nil,Nil,Nil,Nil,Nil,Nil,,
,,,(Lanka | 0),Nil,Nil,Nil,Nil,Nil,Nil,Nil,,
,,,(Doboka | 0),Nil,Nil,Nil,Nil,Nil,Nil,Nil,,
,"Karbi
Anglong
West",0,"(Donkamokam
| 0)",Nil,Nil,Nil,Nil,Nil,Nil,Nil,,
,Karimganj,8,"(Patherkandi |
0)",Nil,Nil,Nil,Nil,Nil,Nil,Nil,,
,,,"(Nilambazar |
0)",Nil,Nil,Nil,Nil,Nil,Nil,Nil,,
,,,"(Karimganj |
0)",Nil,Nil,Nil,Nil,Nil,Nil,Nil,,
,,,(RK Nagar | 8),C.R Road to Nath Basti,PWD (Roads),Anipur Grant,"C.R Road to Nath
Basti",92.22,24.15,"200 m hard
crust damage
on date
27.05.2024 as
reported by
Executive
Engineer,PWRD
patharkandi RK
Nagar TR
Division RK
Nagar
Karimganj",,
,,,,Phanairbond Dyke,PWD (Roads),Patiala,Phanairbond,92.42,24.52,"132 m hard
crust damage
on date
27.05.2024 as
reported by
Executive",,
,,,,,,,,,,"Engineer,PWRD
patharkandi RK
Nagar TR
Division RK
Nagar
Karimganj",,
,,,,Anipur zamuang Road,PWD (Roads),Anipur Grant,"Anipur Zamuang
Road",92.43,24.52,"700 m hard
crust damage
on date
27.05.2024 as
reported by
Executive
Engineer,PWRD
patharkandi RK
Nagar TR
Division RK
Nagar
Karimganj",,
,,,,"Anipur ashimganj Road
to Nitinagar",PWD (Roads),Sarkaribari,"Anipur ashimganj
Road to Nitinagar",92.42,24.56,"700 m hard
crust damage
on date
27.05.2024 as
reported by
Executive
Engineer,PWRD
patharkandi RK
Nagar TR
Division RK
Nagar
Karimganj",,
,,,,REC to Sonala,PWD (Roads),Chanala,REC to Sonala,92.46,24.57,"800 m hard
crust damage
on date
27.05.2024 as
reported by
Executive
Engineer,PWRD
patharkandi RK
Nagar TR
Division RK
Nagar
Karimganj",,
,,,,"Monacherra Anipur
Road",PWD (Roads),Kadmacherra,"Monacherra Anipur
Road",92.46,24.57,"1000 m hard
crust damage
on date
27.05.2024 as
reported by
Executive
Engineer,PWRD
patharkandi RK
Nagar TR
Division RK
Nagar
Karimganj",,
,,,,"Anipur PWD Road to
Dullabchara",PWD (Roads),"Rupagram
Part-2","Anipur PWD Road
to Dullabchara",92.26,24.3,"500 m hard
crust damage
on date
27.05.2024 as
reported by
Executive
Engineer,
PWRD
patharkandi RK
Nagar TR
Division RK",,
,,,,,,,,,,"Nagar
Karimganj",,
,,,,"Dalgram to Bargool
road Via Bhairabnagar",PWD (Roads),Bhairabnagar,Bhairabnagar,92.39,24.58,"300 m hard
crust damage
on date
27.05.2024 as
reported by
Executive
Engineer,PWRD
patharkandi RK
Nagar TR
Division RK
Nagar
Karimganj",,
,,,(Badarpur | 0),Nil,Nil,Nil,Nil,Nil,Nil,Nil,,
,Morigaon,0,(Morigaon | 0),Nil,Nil,Nil,Nil,Nil,Nil,Nil,,
,Nagaon,5,(Kampur | 4),"Changkhola to
Garukhunda via
Damaihagi Dapara
Road",PWD (Roads),Chandkhula,"Changkhola to
Garukhunda via
Damaihagi Dapara",,,"Changkhola to
Garukhunda
via Damaihagi
Dapara Road is
submerged due
to flood water",,
,,,,"Dekapatia Gaon to
Burhapatia Gaon Road",PWD (Roads),"Kampur Rev.
Town","Dekapatia Gaon to
Burhapatia Gaon
Road",,,"Dekapatia
Gaon to
Burhapatia
Gaon Road is
submerged due
to flood water",,
,,,,"Kuhimari No 1 to
Simaliapathar East via
Ujagaon Road",PWD (Roads),"1 No.
Kuhimari","Kuhimari No 1 to
Simaliapathar East
via Ujagaon Road",,,"Kuhimari No 1
to
Simaliapathar
East via
Ujagaon Road
is submerged
due to flood
water",,
,,,,"Dakhin Changchaki to
Topakuchi via Garubat
and Kuhimari No 2",PWD (Roads),"Dakhin
Changchaki","Dakhin Changchaki
to Topakuchi via
Garubat and
Kuhimari No 2",,,"Dakhin
Changchaki to
Topakuchi via
Garubat and
Kuhimari No 2
is submerged
due to flood
water",,
,,,(Nagaon | 0),Nil,Nil,Nil,Nil,Nil,Nil,Nil,,
,,,(Raha | 1),"KAKATIGAON TO
KAMARGAON",PWD (Roads),Kakati Gaon,KAKATIGAON,,,"Road
submerged",,
,Total,27,,,,,,,,,,
"Infrastructure
Damaged -
Bridge",District,Number,Revenue,Bridge Name,Department,Village,Location,Longitude,Latitude,Remarks,,
,,,Circle,,,,,,,,,
,Cachar,0,(Silchar | 0),Nil,Nil,Nil,Nil,Nil,Nil,Nil,,
,,,(Lakhipur | 0),Nil,Nil,Nil,Nil,Nil,Nil,Nil,,
,,,(Sonai | 0),Nil,Nil,Nil,Nil,Nil,Nil,Nil,,
,,,"(Udharbond |
0)",Nil,Nil,Nil,Nil,Nil,Nil,Nil,,
,,,(Katigorah | 0),Nil,Nil,Nil,Nil,Nil,Nil,Nil,,
,Dhemaji,0,(Jonai | 0),Nil,Nil,Nil,Nil,Nil,Nil,Nil,,
,Dibrugarh,0,(Chabua | 0),Nil,Nil,Nil,Nil,Nil,Nil,Nil,,
,"Dima-
Hasao",0,(Haflong | 0),Nil,Nil,Nil,Nil,Nil,Nil,Nil,,
,Golaghat,0,(Bokakhat | 0),Nil,Nil,Nil,Nil,Nil,Nil,Nil,,
,Hailakandi,0,(Lala | 0),Nil,Nil,Nil,Nil,Nil,Nil,Nil,,
,,,"(Katlicherra |
0)",Nil,Nil,Nil,Nil,Nil,Nil,Nil,,
,,,(Algapur | 0),Nil,Nil,Nil,Nil,Nil,Nil,Nil,,
,,,"(Hailakandi |
0)",Nil,Nil,Nil,Nil,Nil,Nil,Nil,,
,Hojai,0,(Hojai | 0),Nil,Nil,Nil,Nil,Nil,Nil,Nil,,
,,,(Lanka | 0),Nil,Nil,Nil,Nil,Nil,Nil,Nil,,
,,,(Doboka | 0),Nil,Nil,Nil,Nil,Nil,Nil,Nil,,
,"Karbi
Anglong
West",0,"(Donkamokam
| 0)",Nil,Nil,Nil,Nil,Nil,Nil,Nil,,
,Karimganj,0,"(Patherkandi |
0)",Nil,Nil,Nil,Nil,Nil,Nil,Nil,,
,,,"(Nilambazar |
0)",Nil,Nil,Nil,Nil,Nil,Nil,Nil,,
,,,"(Karimganj |
0)",Nil,Nil,Nil,Nil,Nil,Nil,Nil,,
,,,(RK Nagar | 0),Nil,Nil,Nil,Nil,Nil,Nil,Nil,,
,,,(Badarpur | 0),Nil,Nil,Nil,Nil,Nil,Nil,Nil,,
,Morigaon,0,(Morigaon | 0),Nil,Nil,Nil,Nil,Nil,Nil,Nil,,
,Nagaon,0,(Kampur | 0),Nil,Nil,Nil,Nil,Nil,Nil,Nil,,
,,,(Nagaon | 0),Nil,Nil,Nil,Nil,Nil,Nil,Nil,,
,,,(Raha | 0),Nil,Nil,Nil,Nil,Nil,Nil,Nil,,
,Total,0,,,,,,,,,,
"Infrastructure
Damaged -
Embankment
Breached",District,Number,Revenue,Embankment Breached,Department,Village,Location,Longitude,Latitude,Remarks,,
,,,Circle,Name,,,,,,,,
,Cachar,0,(Silchar | 0),Nil,Nil,Nil,Nil,Nil,Nil,Nil,,
,,,(Lakhipur | 0),Nil,Nil,Nil,Nil,Nil,Nil,Nil,,
,,,(Sonai | 0),Nil,Nil,Nil,Nil,Nil,Nil,Nil,,
,,,"(Udharbond |
0)",Nil,Nil,Nil,Nil,Nil,Nil,Nil,,
,,,(Katigorah | 0),Nil,Nil,Nil,Nil,Nil,Nil,Nil,,
,Dhemaji,0,(Jonai | 0),Nil,Nil,Nil,Nil,Nil,Nil,Nil,,
,Dibrugarh,0,(Chabua | 0),Nil,Nil,Nil,Nil,Nil,Nil,Nil,,
,"Dima-
Hasao",0,(Haflong | 0),Nil,Nil,Nil,Nil,Nil,Nil,Nil,,
,Golaghat,0,(Bokakhat | 0),Nil,Nil,Nil,Nil,Nil,Nil,Nil,,
,Hailakandi,0,(Lala | 0),Nil,Nil,Nil,Nil,Nil,Nil,Nil,,
,,,"(Katlicherra |
0)",Nil,Nil,Nil,Nil,Nil,Nil,Nil,,
,,,(Algapur | 0),Nil,Nil,Nil,Nil,Nil,Nil,Nil,,
,,,"(Hailakandi |
0)",Nil,Nil,Nil,Nil,Nil,Nil,Nil,,
,Hojai,0,(Hojai | 0),Nil,Nil,Nil,Nil,Nil,Nil,Nil,,
,,,(Lanka | 0),Nil,Nil,Nil,Nil,Nil,Nil,Nil,,
,,,(Doboka | 0),Nil,Nil,Nil,Nil,Nil,Nil,Nil,,
,"Karbi
Anglong
West",1,"(Donkamokam
| 1)",Mugasong Ringbund,"Water
Resource
Deptt.","Mugasong
(East
Rongkhang )","Baligaon Mugasong
L.P school",92.76,26.01,"Flood water
entered from
un-embanked
portion and
flooded the
countryside
leading to
overtoping and
subsequent
breached",,
,Karimganj,0,"(Patherkandi |
0)",Nil,Nil,Nil,Nil,Nil,Nil,Nil,,
,,,"(Nilambazar |
0)",Nil,Nil,Nil,Nil,Nil,Nil,Nil,,
,,,"(Karimganj |
0)",Nil,Nil,Nil,Nil,Nil,Nil,Nil,,
,,,(RK Nagar | 0),Nil,Nil,Nil,Nil,Nil,Nil,Nil,,
,,,(Badarpur | 0),Nil,Nil,Nil,Nil,Nil,Nil,Nil,,
,Morigaon,0,(Morigaon | 0),Nil,Nil,Nil,Nil,Nil,Nil,Nil,,
,Nagaon,0,(Kampur | 0),Nil,,Nil,Nil,Nil,Nil,Nil,Nil,
,,,(Nagaon | 0),Nil,,Nil,Nil,Nil,Nil,Nil,Nil,
,,,(Raha | 0),Nil,,Nil,Nil,Nil,Nil,Nil,Nil,
,Total,1,,,,,,,,,,
"Infrastructure
Damaged -
Embankment
Affected",District,Number,Revenue,Embankment Affected,,Department,Village,Location,Longitude,Latitude,Remarks,
,,,Circle,Name,,,,,,,,
,Cachar,0,(Silchar | 0),Nil,,Nil,Nil,Nil,Nil,Nil,Nil,
,,,(Lakhipur | 0),Nil,,Nil,Nil,Nil,Nil,Nil,Nil,
,,,(Sonai | 0),Nil,,Nil,Nil,Nil,Nil,Nil,Nil,
,,,"(Udharbond |
0)",Nil,,Nil,Nil,Nil,Nil,Nil,Nil,
,,,(Katigorah | 0),Nil,,Nil,Nil,Nil,Nil,Nil,Nil,
,Dhemaji,0,(Jonai | 0),Nil,,Nil,Nil,Nil,Nil,Nil,Nil,
,Dibrugarh,0,(Chabua | 0),Nil,,Nil,Nil,Nil,Nil,Nil,Nil,
,"Dima-
Hasao",0,(Haflong | 0),Nil,,Nil,Nil,Nil,Nil,Nil,Nil,
,Golaghat,0,(Bokakhat | 0),Nil,,Nil,Nil,Nil,Nil,Nil,Nil,
,Hailakandi,0,(Lala | 0),Nil,,Nil,Nil,Nil,Nil,Nil,Nil,
,,,"(Katlicherra |
0)",Nil,,Nil,Nil,Nil,Nil,Nil,Nil,
,,,(Algapur | 0),Nil,,Nil,Nil,Nil,Nil,Nil,Nil,
,,,"(Hailakandi |
0)",Nil,,Nil,Nil,Nil,Nil,Nil,Nil,
,Hojai,0,(Hojai | 0),Nil,,Nil,Nil,Nil,Nil,Nil,Nil,
,,,(Lanka | 0),Nil,,Nil,Nil,Nil,Nil,Nil,Nil,
,,,(Doboka | 0),Nil,,Nil,Nil,Nil,Nil,Nil,Nil,
,"Karbi
Anglong
West",0,"(Donkamokam
| 0)",Nil,,Nil,Nil,Nil,Nil,Nil,Nil,
,Karimganj,0,"(Patherkandi |
0)",Nil,,Nil,Nil,Nil,Nil,Nil,Nil,
,,,"(Nilambazar |
0)",Nil,,Nil,Nil,Nil,Nil,Nil,Nil,
,,,"(Karimganj |
0)",Nil,,Nil,Nil,Nil,Nil,Nil,Nil,
,,,(RK Nagar | 0),Nil,,Nil,Nil,Nil,Nil,Nil,Nil,
,,,(Badarpur | 0),Nil,,Nil,Nil,Nil,Nil,Nil,Nil,
,Morigaon,0,(Morigaon | 0),Nil,,Nil,Nil,Nil,Nil,Nil,Nil,
,Nagaon,1,(Kampur | 1),"B/T dyke from
Charaihagi to
Tukulaitup
Embankment",,"Water
Resource
Deptt.",Charaihagi,"Charaihagi to
Tukulaitup
Embankment",,,"B/T dyke along
the left bank of
river Kopili
from
Charaihagi to
Tukulaitup
Embankment.
In between
ch.0.00 to 850
about 15 cm
slightly
affected.",
,,,(Nagaon | 0),Nil,,Nil,Nil,Nil,Nil,Nil,Nil,
,,,(Raha | 0),Nil,,Nil,Nil,Nil,Nil,Nil,Nil,
,Total,1,,,,,,,,,,
"Infrastructure
Damaged -
Others",District,Revenue,Damages,Number,Name,Department,Village,Location,Longitude,Latitude,Remarks,
,,Circle,,,,,,,,,,
,Cachar,Silchar,"Veterinary
Deptt
Infrastructure
(in Nos)",2,"Borkhola Vety
Hospital","Animal
Husbandry
and
Veterinary",Chesri,Chesri,,,,
,,,,,SVD Kalinagar,"Animal
Husbandry
and
Veterinary","Kalinagar Part
– I",Kalinagar,,,,
,,,"PWSS
Damaged (in
Nos)",10,"Madhurbond
PWSS",PHE,Silchar Town,Madhurbond,,,"As reported by
SDO PHE II, on
dated
31.05.2024",
,,,,,"Borjalenga Pt
I-II PWSS",PHE,"Barjalenga
Part – I","Borjalenga I, II",,,"As reported by
SDO PHE II, on
dated
31.05.2024",
,,,,,Loharbond,PHE,"Barjalenga
Part – I",Loharbond,,,"As reported by
SDO PHE II, on
dated
31.05.2024",
,,,,,"Barenga Pt-II
PWSS",PHE,"Barjalenga
Part – II",Berenga II,,,"As reported by
SDO PHE II, on
dated
31.05.2024",
,,,,,"Barjalenga
Grant",PHE,"Barjalenga
Grant",Barjalenga Grant,,,"As reported by
SDO PHE II, on
dated
31.05.2024",
,,,,,"Dudhpatil Pt
III, IV PWSS",PHE,"Choto
Dudpatil
Grant",Dudhpatil,,,"As reported by
SDO PHE II, on
dated
30.05.2024",
,,,,,"Masughat
PWSS",PHE,"Dudpatil Part
– IV",Dudhapatil,,,"As reported by
SDO PHE II, on
dated
30.05.2024",
,,,,,"Dudhpatil
PWSS",PHE,"Dudpatil Part
– I",Dudhpatil I,,,"As reported by
SDO PHE II, on
dated
30.05.2024",
,,,,,"Silchar Medical
College
Hospital PWSS",PHE,Silchar Town,Gungoor,,,"As reported by
SDO PHE II, on
dated
31.05.2024",
,,,,,"Meherpur
PWSS",PHE,Silchar Town,Meherpur,,,"As reported by
SDO PHE II, on
dated
31.05.2024",
,,Lakhipur,"Public Health
Engineering
(PHE) (in Nos)",11,"Dighli
Bahadurpur
PWSS",PHE,Digli Grant,Dighli,,,,
,,,,,Chirirpar PWSS,PHE,Laboc Grant,Laboc Grant,,,,
,,,,,Pabda PWSS,PHE,"Binakandi
Part – I",Binnakandi,,,,
,,,,,"Labacpar Pt II
PWSS",PHE,Labocpar,Labocpar,,,,
,,,,,Lalong Pt III,PHE,"Lalang Part –
III",Lalang Pt III,,,,
,,,,,"Ramgaijang
PWSS",PHE,"Lakhipur
Grant",Lakhinagar,,,,
,,,,,"Ujantarapur
PWSS",PHE,Uzantarapur,Uzantarapur,,,,
,,,,,"Borthol Grant
PWSS",PHE,Laboc Grant,Laboc Grant,,,,
,,,,,"Khelmagram
Silghat PWSS",PHE,"Niz-Baskandi
Part – I",Baskandi,,,,
,,,,,"Bahadurpur
Bichingha
PWSS",PHE,"Bahadurpur
Cha Bagicha",Bahadurpur,,,,
,,,,,"Lalong T.E.
PWSS",PHE,Lalang Grant,Lalang,,,,
,,Sonai,"PWSS
Damaged (in
Nos)",5,"Satkarakandi
Pt-II PWSS",PHE,"Satkorakandi
Part – II",Satkarakandi Pt-II,,,"As reported by
SDO PHE
Lakhipur on
dated
31.05.2024",
,,,,,"Gojlaghat
PWSS",PHE,Gojalghat,Gojlaghat,,,"As reported by
SDO PHE
Lakhipur on
dated
31.05.2024",
,,,,,"Satkarakandi
PWSS",PHE,"Satkorakandi
Part – I",Satkorakandi Pt-I,,,"As reported by
SDO PHE
Lakhipur on
dated
31.05.2024",
,,,,,"Gobindanagar
Pt-I",PHE,"Gobindanagar
Part – I",Gobindanagar Pt-I,,,"As reported by
SDO PHE
Lakhipur on
dated
31.05.2024",
,,,,,"Dakhin
Mohonpur
VIIII, IX",PHE,"Dakshin
Mohanpur
Part – VIII",Dakhin Mohonpur,,,"As reported by
SDO PHE
Lakhipur on
dated
31.05.2024",
,,Udharbond,"Public Health
Engineering
(PHE) (in Nos)",5,"Karatigram
PWSS",PHE,"Arkatipur
Grant",Karatigram,,,"As reported by
SDO PHE
Lakhipur on
dated
31.05.2024",
,,,,,"Gossaipur I
PWSS",PHE,"Gossaipur
Part – I",Gossaipur ptI,,,"As reported by
EE PHE Div-II,
Silchar on
dated
31.05.2024",
,,,,,Tikal T.E PWSS,PHE,"Tikolpar
Grant
(Bagicha)","Tikalpar Grant
Bagicha",,,"As reported by
EE PHE Div-II,
Silchar on
dated
31.05.2024",
,,,,,"Bagerkuna
Bhramanbhasti
PWSS",PHE,"Khaspur
Bagerkona",Kashpur Bagerkuna,,,"As reported by
EE PHE Div-II,
Silchar on
dated
31.05.2024",
,,,,,"Durganagar Pt-
III",PHE,"Durganagar
Part – I",Durganagar PtI,,,"As reported by
EE PHE Div-II,
Silchar on
dated
31.05.2024",
,,Katigorah,Nil,Nil,Nil,Nil,Nil,Nil,Nil,Nil,Nil,
,Dhemaji,Jonai,Nil,Nil,Nil,Nil,Nil,Nil,Nil,Nil,Nil,
,Dibrugarh,Chabua,"Elementary
Schools
Damaged (in
Nos)",5,"DODHIA
KARMI LPS","Education
Deptt.","DODHIA
FOREST
VILLAGE (FV)",DODHIA FV,95.15,27.36,,
,,,,,DODHIA MES,"Education
Deptt.","DODHIA
FOREST
VILLAGE (FV)",DODHIA FV,95.13,27.35,,
,,,,,"DODHIA
CHALBIL LPS","Education
Deptt.","DODHIA
FOREST
VILLAGE (FV)",DODHIA FV,95.14,27.38,,
,,,,,"DODHIA
KULIGAON LPS","Education
Deptt.","DODHIA
FOREST
VILLAGE (FV)",DODHIA FV,95.14,27.37,,
,,,,,"DODHIA
TENGABARI
LPS","Education
Deptt.","DODHIA
FOREST
VILLAGE (FV)",DODHIA FV,95.15,27.36,,
,,,"Health Sub-
Centre (in
Nos)",1,"DODHIA
KULIGAON
HEALTH
CENTER","Health &
Family
Welfare","DODHIA
FOREST
VILLAGE (FV)",DODHIA FV,95.26,27.58,,
,,,"Anganwadi
Centres
Affected (in
Nos)",6,"DODHIA
AISUNG
CHAPORI AWC","Women &
Child
Development","DODHIA
FOREST
VILLAGE (FV)",DODHIA FV,95.25,27.53,,
,,,,,DODHIA AWC,"Women &
Child
Development","DODHIA
FOREST
VILLAGE (FV)",DODHIA FV,95.26,27.56,,
,,,,,"DODHIA
CHALBIL AWC","Women &
Child
Development","DODHIA
FOREST
VILLAGE (FV)",DODHIA FV,95.23,27.56,,
,,,,,"DODHIA
KULIGAON
AWC","Women &
Child
Development","DODHIA
FOREST
VILLAGE (FV)",DODHIA FV,95.22,27.6,,
,,,,,"DODHIA
ROMAI AWC","Women &
Child
Development","DODHIA
FOREST
VILLAGE (FV)",DODHIA FV,95.29,27.56,,
,,,,,"DODHIA
TENGABARI
AWC","Women &
Child
Development","DODHIA
FOREST
VILLAGE (FV)",DODHIA FV,95.23,27.61,,
,"Dima-
Hasao",Haflong,Nil,Nil,Nil,Nil,Nil,Nil,Nil,Nil,Nil,
,Golaghat,Bokakhat,Nil,Nil,Nil,Nil,Nil,Nil,Nil,Nil,Nil,
,Hailakandi,Lala,Nil,Nil,Nil,Nil,Nil,Nil,Nil,Nil,Nil,
,,Katlicherra,Nil,Nil,Nil,Nil,Nil,Nil,Nil,Nil,Nil,
,,Algapur,Nil,Nil,Nil,Nil,Nil,Nil,Nil,Nil,Nil,
,,Hailakandi,"Public Health
Engineering
(PHE) (in Nos)",1,"Ratanpur
PWSS",PHE,Ratanpur-II,"near Ratanpur
PWSS",92.63,24.7,submerged,
,Hojai,Hojai,"Public Health
Engineering
(PHE) (in Nos)",10,"HATIMARA
DAKHIN
KENDUGURI
PWSS",PHE,Hatimara,HATIMARA,,,"HATIMARA
PWSS
SUBMERGE ON
DT. 31-05-2024",
,,,,,"Solmarijan
PWSS",PHE,Salmarijan,Salmarijan,,,"Salmarijan
PWSS
Submerge on
31-05-2024",
,,,,,"KANDULIMARI
PWSS",PHE,Kandulimari,KANDULIMARI,,,"KANDULIMARI
PWSS PWSS
SUBMERGE ON
DT. 31-05-2024",
,,,,,"BRAJAPUR
PWSS",PHE,Brajapur,BRAJAPUR,,,"BRAJPUR PWSS
SUBMERGE ON
DT. 31-05-2024",
,,,,,"DOBOKA NALA
PWSS",PHE,Doboka Nala,"DOBOKA NALA
PWSS",,,"DOBOKA NALA
PWSS",
,,,,,FAKULI PWSS,PHE,Fakuli,"FAKULI PWSS
SUBMERGE ON DT.
31-05-2024",,,"FAKULI PWSS
SUBMERGE ON
DT. 31-05-2024",
,,,,,"PUB
NABHANGA
PWSS",PHE,"Pub
Nabhanga","PUB NABHANGA
PWSS",,,"PUB
NABHANGA
PWSS
SUBMERGE ON
DT. 31-05-2024",
,,,,,"KENDUGURI
PWSS",PHE,Kenduguri,KENDUGURI,,,"KENDUGURI
PWSS
SUBMERGE ON
DT. 31-05-2024",
,,,,,Taradubu Pwss,PHE,Taradubi,Taradubi,,,"Taradubi PWSS
Submerge on
31-05-2024",
,,Lanka,"Public Health
Engineering
(PHE) (in Nos)",2,"Manduli No 1
PWSS",PHE,Manduli,Manduli,92.88,25.89,"Manduli No 1
PWSS damage
in Manduli
Village Dated-
30-05-2024.
Responsible
Dept. PHE.",
,,,,,Manduli PWSS,PHE,Manduli,Manduli,92.87,25.89,"Manduli PWSS
damage in
Manduli Village
Dated- 30-05-
2024.
Responsible
Dept. PHE.",
,,,"Elementary
Schools
Damaged (in
Nos)",1,"Sri Kapileswar
Nath LP School","Education
Deptt.",Thaisubali,Thaisubali,92.87,25.88,"Sri Kapileswar
Nath LP School
damage dated-
30-05-2024",
,,Doboka,"Public Health
Engineering
(PHE) (in Nos)",7,"PATIADOYA
NO1 PWSS",PHE,Patidoya,PATODOYA NO1,,,"POTIDOYA
PWSS
SUBMERGE ON
DT. 31-05-2024",
,,,,,"POTIDOYA
NO2 PWSS",PHE,Patidoya,POTIDOYA,,,"POTIDOYA
PWSS
SUBMERGE ON
DT. 31-05-2024",
,,,,,"NEW ERA
KOLIPI PWSS",PHE,Era Kapili,ERA KOPILI,,,"ERA KOLIPI
PWSS
SUBMERGE ON
DT. 31-05-2024",
,,,,,"JUGIJAN
BALIRAM
GAON PWSS",PHE,Jugijangaon,"JUGIJAN BALIRAM
GAON",,,"JUGUJAN
BALIRAM
GAON PWSS
SUBMERGE ON
DT. 31-05-2024",
,,,,,"JUNGLE BLOCH
PWSS",PHE,Jungale Block,JUNGALE BLOCK,,,"JUNGAL BLOCK
PWSS
SUBMERGE ON
DT. 31-05-2024",
,,,,,"DOBOKA
PATHER NO1
PWSS",PHE,"Doboka
Pathar",DOBOKA PATHER,,,"DOBOKA
PATHER NO1",
,"Karbi
Anglong
West",Donkamokam,"Fisheries/Pond
(in Hect.)",12,Fish Pond,Fishery,"Menmiji (East
Rongkhang
Mouza )",Menmiji Sar-ik gaon,92.79,25.91,"Due to
incessant
heavy rain
flood water
overtopped
embankment
and flooded
countryside
causing to 12
number of Fish
Pond
submerged
with an area of
3 hectare as
reported by
SDFDO,West
Karbi Anglong.",
,Karimganj,Patherkandi,Nil,Nil,Nil,Nil,Nil,Nil,Nil,Nil,Nil,
,,Nilambazar,Nil,Nil,Nil,Nil,Nil,Nil,Nil,Nil,Nil,
,,Karimganj,Nil,Nil,Nil,Nil,Nil,Nil,Nil,Nil,Nil,
,,RK Nagar,"PWSS
Damaged (in
Nos)",2,Lalchara PWSS,PHE,"Paschim
Lalchaar
Grant",Lalchara,92.44,24.45,"power
substation and
4 no's electric
pole and
treatment
plant on date
27.05.2024 due
to flood as
reported by
assistant
Executive
Engineer (PHE)
Patharkandi
Sub-division",
,,,,,Sanbeel PWSS,PHE,"Sanbeel Part-
5",Sonbeel Part-V,92.47,24.7,"Boundary wall
at Treatment
Plant Damage
on date
27.05.2024 due
to flood as
reported by
assistant
Executive
Engineer (PHE)
Patharkandi
Sub-division",
,,,"Fisheries/Pond
(in Hect.)",210,Nil,Nil,Nil,Nil,Nil,Nil,Nil,
,,Badarpur,Nil,Nil,Nil,Nil,Nil,Nil,Nil,Nil,Nil,
,Morigaon,Morigaon,Nil,Nil,Nil,Nil,Nil,Nil,Nil,Nil,Nil,
,Nagaon,Kampur,"Irrigation
Canal/Scheme
Damaged (in
Nos)",1,Charaihagi ELIS,Irrigation,Charaihagi,Charaihagi,,,"Brick lined
Canals of
Charaihagi ELIS
Point No 1 are
submerged.",
,,Nagaon,Nil,Nil,Nil,Nil,Nil,Nil,Nil,Nil,Nil,
,,Raha,"Elementary
Schools
Damaged (in
Nos)",2,"352 NO PUB
GUIMARI LP","Education
Deptt.",Pub Guimari,PUB GUIMARI,,,"Submerged
due to flood
water
submitted by
BEEO,Kapili",
,,,,,"1No PUB
CHENGAJAN
LP","Education
Deptt.",Chenga Jan,Chengajan,,,"Submerged
due to flood
water
submitted by
BEEO,Kapili",
,,,"Power Dept.
Conductors (in
Nos)",1,"RAHA Sub
Division",APDCL,Sorai Juria,Soraijuria,,,"Total 16 km
conductors
were damaged
submitted by
APDCL Raha",
,,,"Power Dept.
Poles (in Nos)",11,"Raha Sub
Division",APDCL,Sorai Juria,"Barunguri,
Dighaliduba,
Khaparijarani,
Chengajan,",,,"Total 11no. Of
poles were
damaged
submitted by
Raha APDCL",
,,,,,,,,,,,,
"Wildlife
affected
under
protected
areas
description",District,Details,,,,,,,,,,
,Cachar,,,,,,,,,,,
,Dhemaji,,,,,,,,,,,
,Dibrugarh,,,,,,,,,,,
,"Dima-
Hasao",,,,,,,,,,,
,Golaghat,,,,,,,,,,,
,Hailakandi,,,,,,,,,,,
,Hojai,,,,,,,,,,,
,"Karbi
Anglong
West",,,,,,,,,,,
,Karimganj,,,,,,,,,,,
,Morigaon,,,,,,,,,,,
,Nagaon,(Raha - 0),,,,,,,,,,
Remarks,District,Details,,,,,,,,,,
,Cachar,,,,,,,,,,,
,Dhemaji,,,,,,,,,,,
,Dibrugarh,(Chabua - 2000 CHLORINE TABLETS DISTRIBUTED BY PHE DEPT.),,,,,,,,,,
,"Dima-
Hasao",,,,,,,,,,,
,Golaghat,,,,,,,,,,,
,Hailakandi,,,,,,,,,,,
,Hojai,(Lanka - Bleaching Powder 100 Pkt. Distributed among flood affected village.),,,,,,,,,,
,"Karbi
Anglong
West",,,,,,,,,,,
,Karimganj,,,,,,,,,,,
,Morigaon,(Morigaon - Crop area submerged due to increase in water level of river Kollong 01/06/2024),,,,,,,,,,
,Nagaon,"(Kampur - Fishery Department- Total 650 hectare area is affected due to flood water.
Cooked food distributed to 278 Nos. inmates at kampur HS and MP School relief camp, 204 Nos. inmates at Kameswar Borthakur MV
School, 17 Nos. inmates at Kampur Girls High School, 38 Nos. inmates at Shanti BidyapithHigh School, 403 Nos. inmates at Jumurmur High
School, 40 Nos. inmates at Pachanijar LP School,), (Nagaon - Hot Cock meal provided 900 population at Rangaloo High School and 500 at
Uriagrant Rangaloo LPS.)",,,,,,,,,,
,Report Generated On: 01-06-2024 10:03 PM,,,,,,,,,,,
Assam Urban Flood Report as on 01-06-2024,,,,,,,,,,,,
Particulars,Assam Urban Flood Report as on 01-06-2024,,,,,,,,,,,
"District
Affected",No. of,Name of Affected Districts,,,,,,,,,,
,Districts,,,,,,,,,,,
,Affected,,,,,,,,,,,
,0,,,,,,,,,,,
"No. Of Revenue
Circles Affected",0,,,,,,,,,,,
"Name Of
Revenue Circle
Affected",District,Total,Revenue Circle,,,,,,,,,
,Nil,Nil,Nil,,,,,,,,,
,Total,Nil,,,,,,,,,,
"Villages
Affected",District,Total,Revenue Circle,,,,,,,,,
,Nil,Nil,Nil,,,,,,,,,
,Total,Nil,,,,,,,,,,
"Population
Affected",District,Male,Female,Children,Total,Population Details,,,Ward,,Total,Locality
,,,,,Population,,,,,,Ward,
,Nil,Nil,Nil,Nil,Nil,Nil,,,Nil,,Nil,Nil
,Total,Nil,Nil,Nil,Nil,,,,,,Nil,
"Relief Camps /
Centres
Opened",District,Total,Relief Camp,,,,Relief Distribution Centres,,,,,
,Nil,Nil,Nil,,,,Nil,,,,,
,Total,Nil,Nil,,,,Nil,,,,,
"Inmates In
Relief Camps",District,Total,Revenue Circlewise,,,Male,Female,Children,Pregnant /,Person with Disability,,
,,,,,,,,,Lactating,,,
,,,,,,,,,Mother,,,
,Nil,Nil,Nil,,,Nil,Nil,Nil,Nil,Nil,,
,Total,Nil,,,,Nil,Nil,Nil,Nil,Nil,,
"Human Lives
Lost -
Confirmed",District,Total,Male,Female,Children,,Others,Revenue Circlewise,,,,
,,,,,Male,Female,,,,,,
,Nil,Nil,Nil,Nil,Nil,Nil,Nil,Nil,,,,
,Total,Nil,Nil,Nil,Nil,Nil,Nil,,,,,
"Human Lives
Lost - Missing",District,Total,Male,Female,Children,,Others,Revenue Circlewise,,,,
,,,,,Male,Female,,,,,,
,Nil,Nil,Nil,Nil,Nil,Nil,Nil,Nil,,,,
,Total,Nil,Nil,Nil,Nil,Nil,Nil,,,,,
"Livestocks
Affected",District,Total,Big,Small,Poultry,,,,,,,
,Nil,Nil,Nil,Nil,Nil,,,,,,,
,Total,Nil,Nil,Nil,Nil,,,,,,,
"Livestocks
Washed Away",District,Total,Big,Small,Poultry,,,,,,,
,Nil,Nil,Nil,Nil,Nil,,,,,,,
,Total,Nil,Nil,Nil,Nil,,,,,,,
"Houses
Damaged",District,Fully,Fully,Fully Total,,Partially,Partially,Partially Total,,Severely,Severely,Severely Total
,,Kuccha,Pukka,,,Kuccha,Pukka,,,Kuccha,Pukka,
,,,,,,,,,,,,
,Nil,Nil,Nil,Nil,,Nil,Nil,Nil,,Nil,Nil,Nil
,Total,Nil,Nil,Nil,,Nil,Nil,Nil,,Nil,Nil,Nil
"Rescue
Operation",District,Agency,,,Other Agencies,,Number,Person,Animal,Number of,Person,Medical Team
,,,,,Involved,,of Boat,Evacuated,Evacuated,Helicopter,Evacuated,Deployed
,,,,,,,Deployed,by Boat,by Boat,Deployed,by,
,,,,,,,,,,,Helicopter,
,,,,,,,,,,,,
,Nil,Nil,,,Nil,,Nil,Nil,Nil,Nil,Nil,Nil
,Total,,,,,,Nil,Nil,Nil,Nil,Nil,Nil
"Relief
Distributed",District,Rice (in,Dal (in Q),Salt (in,M. Oil (in,Cattle Feed -,Cattle,Cattle Feed - Rice Bran (in Q),,,,
,,Q),,Q),L),Green,Feed -,,,,,
,,,,,,Fooder (in,Wheat,,,,,
,,,,,,Q),Bran (in,,,,,
,,,,,,,Q),,,,,
,Nil,Nil,Nil,Nil,Nil,Nil,Nil,Nil,,,,
,Total,Nil,Nil,Nil,Nil,Nil,Nil,Nil,,,,
"Relief
Distributed -
Others",District,Baby Food Liquid,,Baby Food Solid,,Others,,,,,,
,Nil,Nil,,Nil,,Nil,,,,,,
"Infrastructure
Damaged -
Road",District,Number,Revenue,Road Name,,Department,Village,Location,Longitude,Latitude,Remarks,
,,,Circle,,,,,,,,,
,Nil,Nil,Nil,Nil,,Nil,Nil,Nil,Nil,Nil,Nil,
,Total,Nil,,,,,,,,,,
"Infrastructure
Damaged -
Bridge",District,Number,Revenue,Bridge Name,,Department,Village,Location,Longitude,Latitude,Remarks,
,,,Circle,,,,,,,,,
,Nil,Nil,Nil,Nil,,Nil,Nil,Nil,Nil,Nil,Nil,
,Total,Nil,,,,,,,,,,
"Infrastructure
Damaged -
Others",District,Revenue,Damages,Number,Name,Department,Village,Location,Longitude,Latitude,Remarks,
,,Circle,,,,,,,,,,
,,,,,,,,,,,,
,,Nil,Nil,Nil,Nil,Nil,Nil,Nil,Nil,Nil,Nil,
,,,,,,,,,,,,
Remarks,District,Details,,,,,,,,,,
,Nil,Nil,,,,,,,,,,
,,,,,,,,,,,,
